{"cameraMode":{"drawMode":0,"name":"Shaded","section":"Shading Mode"},"sceneLighting":true,"audioPlay":false,"sceneViewState":{"m_AlwaysRefresh":false,"showFog":true,"showSkybox":true,"showFlares":true,"showImageEffects":true,"showParticleSystems":true,"showVisualEffectGraphs":true,"m_FxEnabled":true},"in2DMode":false,"pivot":{"x":-0.09394729137420654,"y":0.7679116725921631,"z":-0.029761195182800294},"rotation":{"x":-0.03483041375875473,"y":0.9211276173591614,"z":-0.08480677753686905,"w":-0.37831002473831179},"size":1.282651424407959,"orthographic":false}